{
  "hash": "a025206d",
  "configHash": "ce631cd3",
  "lockfileHash": "a21a3768",
  "browserHash": "29894618",
  "optimized": {
    "@angular/common": {
      "src": "../../../../../../node_modules/@angular/common/fesm2022/common.mjs",
      "file": "@angular_common.js",
      "fileHash": "bf45fda4",
      "needsInterop": false
    },
    "@angular/core": {
      "src": "../../../../../../node_modules/@angular/core/fesm2022/core.mjs",
      "file": "@angular_core.js",
      "fileHash": "ea3c90a8",
      "needsInterop": false
    },
    "@angular/forms": {
      "src": "../../../../../../node_modules/@angular/forms/fesm2022/forms.mjs",
      "file": "@angular_forms.js",
      "fileHash": "81232cef",
      "needsInterop": false
    },
    "@angular/platform-browser": {
      "src": "../../../../../../node_modules/@angular/platform-browser/fesm2022/platform-browser.mjs",
      "file": "@angular_platform-browser.js",
      "fileHash": "9f7490d5",
      "needsInterop": false
    },
    "@angular/router": {
      "src": "../../../../../../node_modules/@angular/router/fesm2022/router.mjs",
      "file": "@angular_router.js",
      "fileHash": "95ad33ef",
      "needsInterop": false
    },
    "rxjs": {
      "src": "../../../../../../node_modules/rxjs/dist/esm5/index.js",
      "file": "rxjs.js",
      "fileHash": "46cb10c3",
      "needsInterop": false
    }
  },
  "chunks": {
    "chunk-VKWFF2YB": {
      "file": "chunk-VKWFF2YB.js"
    },
    "chunk-354KROLL": {
      "file": "chunk-354KROLL.js"
    },
    "chunk-ZAZBQFOJ": {
      "file": "chunk-ZAZBQFOJ.js"
    },
    "chunk-6EXQV4WU": {
      "file": "chunk-6EXQV4WU.js"
    }
  }
}